<?xml version="1.0" encoding="ISO-8859-1" ?>
<?xml-stylesheet type="text/xsl" href="datasheet.xsl"?>
<datasheet>
  <header>Top</header>
  <project-settings>
    <fam>ProASIC3E</fam>
    <die>A3PE1500</die>
    <package>208 PQFP</package>
    <speed-grade>STD</speed-grade>
    <voltage>1.5</voltage>
    <hdl-type>Verilog</hdl-type>
    <project-description>
    </project-description>
    <location>D:/Libero_program/ROM_Comparator/component/work/Top</location>
    <state>GENERATED ( Sat Sep 18 21:28:08 2021 )</state>
    <swide-toolchain>SoftConsole workspace has not been generated</swide-toolchain>
  </project-settings>
  <site-map>
  </site-map>
  <fileset>
    <name>HDL File(s)</name>
    <file>D:\Libero_program\ROM_Comparator\component\work\Top\Top.v</file>
    <file>D:\Libero_program\ROM_Comparator\hdl\ADDR.v</file>
    <file>D:\Libero_program\ROM_Comparator\hdl\ROM_READ_HOLD.v</file>
    <file>D:\Libero_program\ROM_Comparator\hdl\ROM_REF.v</file>
    <file>D:\Libero_program\ROM_Comparator\smartgen\Cmp\Cmp.v</file>
    <file>D:\Libero_program\ROM_Comparator\smartgen\ROM_DUT\ROM_DUT.v</file>
  </fileset>
  <io>
    <port-name>RST</port-name>
    <direction>IN</direction>
    <pin-number>-</pin-number>
    <io-standard>LVTTL</io-standard>
  </io>
  <io>
    <port-name>Result_o</port-name>
    <direction>OUT</direction>
    <pin-number>-</pin-number>
    <io-standard>LVTTL</io-standard>
  </io>
  <io>
    <port-name>CLK</port-name>
    <direction>IN</direction>
    <pin-number>-</pin-number>
    <io-standard>LVTTL</io-standard>
  </io>
  <core type="HdlModule">
    <core-type>HdlModule</core-type>
    <core-exttype>ADDR</core-exttype>
    <core-location>hdl\ADDR.v</core-location>
    <core-name>ADDR_0</core-name>
  </core>
  <core type="ComponentModule">
    <core-type>ComponentModule</core-type>
    <core-exttype>SmartGen</core-exttype>
    <core-location>D:/Libero_program/ROM_Comparator/smartgen/Cmp</core-location>
    <core-name>Cmp_0</core-name>
  </core>
  <core type="ComponentModule">
    <core-type>ComponentModule</core-type>
    <core-exttype>SmartGen</core-exttype>
    <core-location>D:/Libero_program/ROM_Comparator/smartgen/ROM_DUT</core-location>
    <core-name>ROM_DUT_0</core-name>
  </core>
  <core type="HdlModule">
    <core-type>HdlModule</core-type>
    <core-exttype>ROM_READ_HOLD</core-exttype>
    <core-location>hdl\ROM_READ_HOLD.v</core-location>
    <core-name>ROM_READ_HOLD_0</core-name>
  </core>
  <core type="HdlModule">
    <core-type>HdlModule</core-type>
    <core-exttype>ROM_REF</core-exttype>
    <core-location>hdl\ROM_REF.v</core-location>
    <core-name>ROM_REF_0</core-name>
  </core>
  <memorysystem>
    <title>Memory Map for Top</title>
    <description>The project does not contain any subsystems.</description>
  </memorysystem>
</datasheet>
